Modelo,MAE,RMSE,R2,Mejora_MAE_vs_Baseline_%,Escenario
Baseline (Promedio móvil 4 semanas),1.7972972972972974,3.067374086052072,0.5829893486143487,0.0,Original
Random Forest,2.178378378378378,4.139377228985521,0.24057712955768507,-21.2,Original
XGBoost,2.559224843978882,4.147656958187098,0.23753607273101807,-42.39,Original
Baseline (Promedio móvil 4 semanas),1.7972972972972974,3.067374086052072,0.5829893486143487,0.0,Mejorado
Random Forest v2,2.0909009009009014,4.098403886199409,0.25553691293274605,-16.34,Mejorado
XGBoost v2,2.4414188861846924,4.296455057604085,0.18184775114059448,-35.84,Mejorado
