Modelo,MAE,RMSE,R2,Mejora_MAE_vs_Baseline_%
Baseline (Promedio móvil 4 semanas),1.7972972972972974,3.067374086052072,0.5829893486143487,0.0
Random Forest v2,2.0909009009009014,4.098403886199409,0.25553691293274605,-16.34
XGBoost v2,2.4414188861846924,4.296455057604085,0.18184775114059448,-35.84
