train_hasta,test_hasta,MAE_Baseline,MAE_RF,MAE_XGB
74,88,2.0357142857142856,1.9409523809523808,1.8619343042373657
88,102,2.4464285714285716,2.4940476190476195,1.899668574333191
102,116,3.4285714285714284,6.331190476190476,6.255439758300781
116,130,2.5892857142857144,3.0549999999999993,3.3674697875976562
130,144,1.0892857142857142,1.6028571428571432,2.3705804347991943
